{"cameraMode":{"drawMode":0,"name":"Shaded","section":"Shading Mode"},"sceneLighting":true,"audioPlay":false,"sceneViewState":{"m_AlwaysRefresh":false,"showFog":true,"showSkybox":true,"showFlares":true,"showImageEffects":true,"showParticleSystems":true,"showVisualEffectGraphs":true,"m_FxEnabled":true},"in2DMode":false,"pivot":{"x":-0.17055034637451173,"y":1.1870388984680176,"z":3.352325677871704},"rotation":{"x":0.012583221308887005,"y":0.9849159717559815,"z":-0.15219207108020783,"w":0.08142592757940293},"size":1.1489125490188599,"orthographic":false}