{"cameraMode":{"drawMode":0,"name":"Shaded","section":"Shading Mode"},"sceneLighting":true,"audioPlay":false,"sceneViewState":{"m_AlwaysRefresh":false,"showFog":true,"showSkybox":true,"showFlares":true,"showImageEffects":true,"showParticleSystems":true,"showVisualEffectGraphs":true,"m_FxEnabled":true},"in2DMode":false,"pivot":{"x":-1.9344024658203126,"y":1.3877511024475098,"z":3.6312458515167238},"rotation":{"x":0.06797211617231369,"y":-0.6486262679100037,"z":-0.05833171680569649,"w":-0.7558245062828064},"size":1.1489126682281495,"orthographic":false}